{
  "ft_linear_tuned": {
    "accuracy": 0.8705087521752483,
    "precision": 0.7571500250878074,
    "recall": 0.6589519650655021,
    "f1": 0.704646275974784,
    "auc": 0.9219910655220351,
    "confusion_matrix": [
      [
        6995,
        484
      ],
      [
        781,
        1509
      ]
    ],
    "correlation_analysis": {
      "correlation": 0.26593406593406593,
      "p_value": 0.3581134003647861,
      "pfi_scores": [
        0.005937314033508301,
        0.0004094839096069336,
        0.02884199619293213,
        0.019756889343261717,
        0.010057592391967773,
        0.0002559304237365723,
        0.0007677555084228515,
        -0.0007677316665649414,
        0.01645554304122925,
        0.03457455635070801,
        0.010287928581237792,
        0.010159957408905029,
        0.001100468635559082,
        0.02357006072998047
      ],
      "attention_scores": [
        0.0558742992579937,
        0.03469768539071083,
        0.07857288420200348,
        0.12308488041162491,
        0.1535661369562149,
        0.03829234465956688,
        0.039986755698919296,
        0.050218723714351654,
        0.12492667138576508,
        0.030865326523780823,
        0.017934247851371765,
        0.10716591030359268,
        0.0568353496491909,
        0.0719299465417862
      ],
      "feature_names": [
        "workclass",
        "education",
        "marital-status",
        "occupation",
        "relationship",
        "race",
        "sex",
        "native-country",
        "age",
        "capital-gain",
        "capital-loss",
        "hours-per-week",
        "fnlwgt",
        "education-num"
      ]
    }
  },
  "ft_piecewise_tuned": {
    "accuracy": 0.8683590950967346,
    "precision": 0.7324074074074074,
    "recall": 0.6908296943231441,
    "f1": 0.7110112359550562,
    "auc": 0.9231765683360279,
    "confusion_matrix": [
      [
        6901,
        578
      ],
      [
        708,
        1582
      ]
    ],
    "correlation_analysis": {
      "correlation": 0.7582417582417583,
      "p_value": 0.0016730034070264247,
      "pfi_scores": [
        0.007396030426025391,
        0.0030454397201538086,
        0.042200899124145506,
        0.016225218772888184,
        0.005527853965759277,
        0.0014843463897705079,
        0.00017915964126586915,
        -0.00010235309600830078,
        0.01717212200164795,
        0.040153563022613525,
        0.004683315753936768,
        0.009955227375030518,
        0.0008957147598266602,
        0.01481766700744629
      ],
      "attention_scores": [
        0.050873223692178726,
        0.04237618297338486,
        0.11258038133382797,
        0.1110582947731018,
        0.06942511349916458,
        0.023245805874466896,
        0.01858525536954403,
        0.03982022777199745,
        0.17687943577766418,
        0.11428900808095932,
        0.042222000658512115,
        0.06665536761283875,
        0.07923337817192078,
        0.0410119853913784
      ],
      "feature_names": [
        "workclass",
        "education",
        "marital-status",
        "occupation",
        "relationship",
        "race",
        "sex",
        "native-country",
        "age",
        "capital-gain",
        "capital-loss",
        "hours-per-week",
        "fnlwgt",
        "education-num"
      ]
    }
  },
  "sparse_ft_linear_tuned": {
    "accuracy": 0.8666188965093664,
    "precision": 0.7508896797153025,
    "recall": 0.6449781659388646,
    "f1": 0.6939159032182288,
    "auc": 0.9195875379738668,
    "confusion_matrix": [
      [
        6989,
        490
      ],
      [
        813,
        1477
      ]
    ],
    "correlation_analysis": {
      "correlation": 0.767032967032967,
      "p_value": 0.0013676823882456158,
      "pfi_scores": [
        0.004785680770874023,
        0.00025594234466552734,
        0.018502891063690186,
        0.017914283275604247,
        0.013461315631866455,
        -0.00010235309600830078,
        0.0006909966468811035,
        0.00017915964126586915,
        0.014280259609222412,
        0.03293668031692505,
        0.003275775909423828,
        0.0089827299118042,
        -0.00020470619201660157,
        0.03188741207122803
      ],
      "attention_scores": [
        0.057150766253471375,
        0.010949366725981236,
        0.24869996309280396,
        0.06744305044412613,
        0.14785917103290558,
        0.0037379388231784105,
        0.04514887183904648,
        0.02324635349214077,
        0.11377017945051193,
        0.07362466305494308,
        0.010665899142622948,
        0.0034853985998779535,
        0.00588384410366416,
        0.16192232072353363
      ],
      "feature_names": [
        "workclass",
        "education",
        "marital-status",
        "occupation",
        "relationship",
        "race",
        "sex",
        "native-country",
        "age",
        "capital-gain",
        "capital-loss",
        "hours-per-week",
        "fnlwgt",
        "education-num"
      ]
    }
  },
  "sparse_ft_piecewise_tuned": {
    "accuracy": 0.8656976149042891,
    "precision": 0.7719688542825361,
    "recall": 0.6061135371179039,
    "f1": 0.6790606653620352,
    "auc": 0.9168026514998913,
    "confusion_matrix": [
      [
        7069,
        410
      ],
      [
        902,
        1388
      ]
    ],
    "correlation_analysis": {
      "correlation": 0.7626373626373627,
      "p_value": 0.0015142307860533148,
      "pfi_scores": [
        0.007882237434387207,
        0.004197025299072265,
        0.028688383102416993,
        0.01970566511154175,
        0.015329444408416748,
        -0.0006398320198059082,
        0.001612246036529541,
        0.0006653785705566407,
        0.02229043245315552,
        0.03268071413040161,
        0.0,
        0.012872648239135743,
        0.001893758773803711,
        0.025284671783447267
      ],
      "attention_scores": [
        0.20227393507957458,
        0.06255514174699783,
        0.07033327966928482,
        0.11912965774536133,
        0.06989387422800064,
        0.026759063825011253,
        0.025307536125183105,
        0.014157380908727646,
        0.08249186724424362,
        0.16170640289783478,
        0.0,
        0.05482183024287224,
        0.046875614672899246,
        0.06171771511435509
      ],
      "feature_names": [
        "workclass",
        "education",
        "marital-status",
        "occupation",
        "relationship",
        "race",
        "sex",
        "native-country",
        "age",
        "capital-gain",
        "capital-loss",
        "hours-per-week",
        "fnlwgt",
        "education-num"
      ]
    }
  }
}