{
  "ft_linear_tuned": {
    "accuracy": 0.7244356812618983,
    "precision": 0.7481918028395392,
    "recall": 0.719938136357778,
    "f1": 0.7337931034482759,
    "auc": 0.8010675091224446,
    "confusion_matrix": [
      [
        5069,
        1880
      ],
      [
        2173,
        5586
      ]
    ],
    "correlation_analysis": {
      "correlation": 0.7515051997810619,
      "p_value": 4.04153865729827e-06,
      "pfi_scores": [
        0.017297899723052977,
        0.00341336727142334,
        0.0010335564613342286,
        0.01169513463973999,
        -4.076957702636719e-05,
        0.023866212368011473,
        0.0006119966506958008,
        0.0007887601852416993,
        0.004229307174682617,
        0.007343471050262451,
        0.0005575776100158692,
        0.0004759788513183594,
        0.0012919306755065918,
        0.00557560920715332,
        -0.0009926915168762206,
        0.00010880231857299805,
        0.0005167841911315918,
        0.0027334094047546387,
        0.0002583980560302734,
        -0.0007343053817749024,
        0.00042159557342529296,
        0.010525619983673096,
        0.025117325782775878,
        0.008458578586578369,
        0.021527183055877686,
        0.09099071025848389,
        0.06084179878234863,
        0.06566944122314453
      ],
      "attention_scores": [
        0.016892654821276665,
        0.01616557128727436,
        0.011330552399158478,
        0.04504057392477989,
        0.010646967217326164,
        0.0902436375617981,
        0.015441033989191055,
        0.017722591757774353,
        0.021799029782414436,
        0.0609477274119854,
        0.017979396507143974,
        0.015134832821786404,
        0.009980621747672558,
        0.06863384693861008,
        0.011589637026190758,
        0.012872295454144478,
        0.024498440325260162,
        0.0302788894623518,
        0.012684240005910397,
        0.014729375019669533,
        0.030764101073145866,
        0.043535828590393066,
        0.036713674664497375,
        0.0206051766872406,
        0.08960112184286118,
        0.1393267661333084,
        0.027665546163916588,
        0.08119532465934753
      ],
      "feature_names": [
        "lepton_pT",
        "lepton_eta",
        "lepton_phi",
        "missing_energy_magnitude",
        "missing_energy_phi",
        "jet1pt",
        "jet1eta",
        "jet1phi",
        "jet1b-tag",
        "jet2pt",
        "jet2eta",
        "jet2phi",
        "jet2b-tag",
        "jet3pt",
        "jet3eta",
        "jet3phi",
        "jet3b-tag",
        "jet4pt",
        "jet4eta",
        "jet4phi",
        "jet4b-tag",
        "m_jj",
        "m_jjj",
        "m_lv",
        "m_jlv",
        "m_bb",
        "m_wbb",
        "m_wwbb"
      ]
    }
  },
  "ft_piecewise_tuned": {
    "accuracy": 0.696015773728583,
    "precision": 0.7200803212851405,
    "recall": 0.6932594406495682,
    "f1": 0.7064153916869131,
    "auc": 0.7668199891570961,
    "confusion_matrix": [
      [
        4858,
        2091
      ],
      [
        2380,
        5379
      ]
    ],
    "correlation_analysis": {
      "correlation": 0.69896004378763,
      "p_value": 3.5099104058920596e-05,
      "pfi_scores": [
        0.01208951473236084,
        0.0003672003746032715,
        0.0001088261604309082,
        0.006935501098632812,
        0.00039440393447875977,
        0.019079387187957764,
        0.0004895806312561035,
        0.0008295655250549316,
        0.006065165996551514,
        0.009791290760040284,
        0.0008295536041259766,
        -0.0002311587333679199,
        0.0041749000549316405,
        0.00341336727142334,
        0.00044879913330078127,
        0.0009655594825744629,
        0.005439615249633789,
        0.0020806550979614257,
        0.00040801763534545896,
        0.0008431553840637207,
        0.0030734062194824217,
        0.0028558135032653808,
        0.01962333917617798,
        0.0017270922660827636,
        0.015421247482299805,
        0.05895155668258667,
        0.04003539085388184,
        0.06856602430343628
      ],
      "attention_scores": [
        0.03739099204540253,
        0.012213855050504208,
        0.006463130470365286,
        0.013534042984247208,
        0.010088618844747543,
        0.07811206579208374,
        0.009088600054383278,
        0.016790134832262993,
        0.046058543026447296,
        0.06292074918746948,
        0.015076284296810627,
        0.01439817063510418,
        0.0070558516308665276,
        0.053461890667676926,
        0.03282314911484718,
        0.007713089231401682,
        0.014971725642681122,
        0.03870750591158867,
        0.006973430514335632,
        0.005817398428916931,
        0.009151040576398373,
        0.0029966081492602825,
        0.05433078482747078,
        0.022401219233870506,
        0.07961992174386978,
        0.10994325578212738,
        0.05281643196940422,
        0.16788223385810852
      ],
      "feature_names": [
        "lepton_pT",
        "lepton_eta",
        "lepton_phi",
        "missing_energy_magnitude",
        "missing_energy_phi",
        "jet1pt",
        "jet1eta",
        "jet1phi",
        "jet1b-tag",
        "jet2pt",
        "jet2eta",
        "jet2phi",
        "jet2b-tag",
        "jet3pt",
        "jet3eta",
        "jet3phi",
        "jet3b-tag",
        "jet4pt",
        "jet4eta",
        "jet4phi",
        "jet4b-tag",
        "m_jj",
        "m_jjj",
        "m_lv",
        "m_jlv",
        "m_bb",
        "m_wbb",
        "m_wwbb"
      ]
    }
  },
  "sparse_ft_linear_tuned": {
    "accuracy": 0.7234838183301605,
    "precision": 0.7360010227563283,
    "recall": 0.7419770588993427,
    "f1": 0.7389769591168731,
    "auc": 0.8026376825942535,
    "confusion_matrix": [
      [
        4884,
        2065
      ],
      [
        2002,
        5757
      ]
    ],
    "correlation_analysis": {
      "correlation": 0.8489326765188835,
      "p_value": 1.1343996248972875e-08,
      "pfi_scores": [
        0.018956947326660156,
        0.0034677267074584963,
        -0.0010743260383605957,
        0.011912679672241211,
        -0.0008703351020812988,
        0.02201671600341797,
        -6.80088996887207e-05,
        -0.000326383113861084,
        0.004990816116333008,
        0.0069762587547302244,
        -0.00025838613510131836,
        -0.0006527543067932129,
        -0.0008567452430725097,
        0.003984487056732178,
        -0.0019174695014953613,
        0.00010877847671508789,
        0.00021756887435913085,
        0.004134070873260498,
        0.0018222570419311524,
        0.0006935238838195801,
        0.0015366673469543457,
        0.008499348163604736,
        0.02340381145477295,
        0.006160330772399902,
        0.018304193019866945,
        0.08708777427673339,
        0.05984904766082764,
        0.06207927465438843
      ],
      "attention_scores": [
        0.07788165658712387,
        0.009407544508576393,
        0.003587055951356888,
        0.053992629051208496,
        0.008778132498264313,
        0.11488296091556549,
        0.0022709618788212538,
        0.0016821877798065543,
        0.03592584282159805,
        0.0358162485063076,
        0.01576337404549122,
        0.003552827285602689,
        0.012160939164459705,
        0.03069835901260376,
        0.008844146504998207,
        0.005201679188758135,
        0.04105496406555176,
        0.031515900045633316,
        0.014892342500388622,
        0.023007452487945557,
        0.010324722155928612,
        0.015246586874127388,
        0.03874737396836281,
        0.01403067260980606,
        0.06654042750597,
        0.1226264238357544,
        0.12751930952072144,
        0.06739886850118637
      ],