{
  "ft_linear_tuned": {
    "accuracy": 0.37464212678936604,
    "f1_macro": 0.2208560811453388,
    "f1_weighted": 0.3431311442534219,
    "confusion_matrix": "Too large to include",
    "correlation_analysis": {
      "correlation": 0.9175824175824177,
      "p_value": 1.6507623160865954e-11,
      "pfi_scores": [
        0.007546782493591309,
        0.039124661684036256,
        0.0247264564037323,
        0.013600569963455201,
        0.09898762106895446,
        0.04571020007133484,
        0.03219142556190491,
        0.020063406229019164,
        0.03587278723716736,
        0.028714591264724733,
        0.0032927751541137694,
        0.04350138306617737,
        0.03521832227706909,
        0.005747008323669434,
        0.06309438347816468,
        0.01562531590461731,
        0.0023928821086883546,
        0.006381016969680786,
        0.0025565028190612793,
        0.06352388858795166,
        0.07362716794013976,
        0.014868593215942383,
        0.06630534529685975,
        0.029696285724639893,
        0.009285205602645874,
        0.013682371377944947,
        0.010716837644577027
      ],
      "attention_scores": [
        0.024967068806290627,
        0.04216618463397026,
        0.037250444293022156,
        0.011845888569951057,
        0.0843537375330925,
        0.041296303272247314,
        0.025445761159062386,
        0.021605728194117546,
        0.056538570672273636,
        0.01944141648709774,
        0.01320067048072815,
        0.08101072907447815,
        0.044069528579711914,
        0.016854390501976013,
        0.07973343133926392,
        0.028829121962189674,
        0.007849077694118023,
        0.013251889497041702,
        0.004957916215062141,
        0.061705850064754486,
        0.07863771915435791,
        0.018570348620414734,
        0.08800828456878662,
        0.035025544464588165,
        0.021584337577223778,
        0.027492549270391464,
        0.008018465712666512
      ],
      "feature_names": [
        "V1",
        "V2",
        "V3",
        "V4",
        "V5",
        "V6",
        "V7",
        "V8",
        "V9",
        "V10",
        "V11",
        "V12",
        "V13",
        "V14",
        "V15",
        "V16",
        "V17",
        "V18",
        "V19",
        "V20",
        "V21",
        "V22",
        "V23",
        "V24",
        "V25",
        "V26",
        "V27"
      ]
    }
  },
  "ft_piecewise_tuned": {
    "accuracy": 0.37044989775051124,
    "f1_macro": 0.2186500332936717,
    "f1_weighted": 0.3395565015069204,
    "confusion_matrix": "Too large to include",
    "correlation_analysis": {
      "correlation": 0.829059829059829,
      "p_value": 9.149354324006619e-08,
      "pfi_scores": [
        0.001779329776763916,
        0.018018215894699097,
        0.016013914346694948,
        0.010819107294082642,
        0.09953984022140502,
        0.056099814176559445,
        0.03519788384437561,
        0.020983749628067018,
        0.030412119626998902,
        0.003354138135910034,
        0.009551095962524413,
        0.03482974767684936,
        0.029184997081756592,
        0.008426225185394287,
        0.042335623502731325,
        0.008426231145858765,
        0.0013498365879058838,
        0.01932713985443115,
        0.003722268342971802,
        0.05391145348548889,
        0.08841395378112793,
        0.009653347730636596,
        0.05086410641670227,
        0.02906228303909302,
        0.008364874124526977,
        0.009960126876831055,
        0.006749159097671509
      ],
      "attention_scores": [
        0.008157598786056042,
        0.0569588877260685,
        0.03544851765036583,
        0.008904838003218174,
        0.05056125298142433,
        0.05465579405426979,
        0.03390541672706604,
        0.02291022799909115,
        0.045979809015989304,
        0.018267270177602768,
        0.02899441123008728,
        0.035035260021686554,
        0.07469621300697327,
        0.015158656053245068,
        0.05013586953282356,
        0.020741932094097137,
        0.011313706636428833,
        0.03993318974971771,
        0.011578274890780449,
        0.08320319652557373,
        0.08879932016134262,
        0.0290546752512455,
        0.05665694177150726,
        0.02984263002872467,
        0.029530005529522896,
        0.03638294339179993,
        0.017905600368976593
      ],
      "feature_names": [
        "V1",
        "V2",
        "V3",
        "V4",
        "V5",
        "V6",
        "V7",
        "V8",
        "V9",
        "V10",
        "V11",
        "V12",
        "V13",
        "V14",
        "V15",
        "V16",
        "V17",
        "V18",
        "V19",
        "V20",
        "V21",
        "V22",
        "V23",
        "V24",
        "V25",
        "V26",
        "V27"
      ]
    }
  },
  "sparse_ft_linear_tuned": {
    "accuracy": 0.35746421267893663,
    "f1_macro": 0.21987837825417725,
    "f1_weighted": 0.3345881009599135,
    "confusion_matrix": "Too large to include",
    "correlation_analysis": {
      "correlation": 0.6826438791180377,
      "p_value": 8.745280209201228e-05,
      "pfi_scores": [
        0.0039267897605896,
        0.001186227798461914,
        0.03241641521453857,
        0.01110544204711914,
        0.09565396308898926,
        0.08949791193008423,
        0.020267927646636964,
        0.034911555051803586,
        0.032764101028442384,
        0.03497291803359985,
        0.001206684112548828,
        0.006421935558319092,
        0.05076184868812561,
        0.026444435119628906,
        0.07720627188682556,
        0.003701817989349365,
        0.016750192642211913,
        0.015686684846878053,
        0.0020043015480041503,
        0.062112700939178464,
        0.11330403089523315,
        0.00609470009803772,
        0.05534309148788452,
        0.043276417255401614,
        0.0015134572982788085,
        0.013518774509429931,
        0.013518774509429931
      ],
      "attention_scores": [
        0.034614112228155136,
        0.014795386232435703,
        0.0051931412890553474,
        0.00012138795864302665,
        0.09196101129055023,
        0.13416337966918945,
        0.05687844380736351,
        0.0011451472528278828,
        0.0268715713173151,
        0.06515511125326157,
        0.0006455370457842946,
        0.025756273418664932,
        0.07654868066310883,
        0.04116358235478401,
        0.03350541740655899,
        0.01417047344148159,
        0.07194981724023819,
        0.0027573956176638603,
        0.008341999724507332,
        0.09237802028656006,
        0.0755281150341034,
        0.005050350911915302,
        0.06443359702825546,
        0.01446407102048397,
        0.0002892387274187058,
        0.009703952819108963,
        0.028811218217015266
      ],
      "feature_names": [
        "V1",
        "V2",
        "V3",
        "V4",
        "V5",
        "V6",
        "V7",
        "V8",
        "V9",
        "V10",
        "V11",
        "V12",
        "V13",
        "V14",
        "V15",
        "V16",
        "V17",
        "V18",
        "V19",
        "V20",
        "V21",
        "V22",
        "V23",
        "V24",
        "V25",
        "V26",
        "V27"
      ]
    }
  },
  "sparse_ft_piecewise_tuned": {
    "accuracy": 0.37198364008179957,
    "f1_macro": 0.22962654641807898,
    "f1_weighted": 0.3491010605865442,
    "confusion_matrix": "Too large to include",
    "correlation_analysis": {
      "correlation": 0.463980463980464,
      "p_value": 0.014774948225323825,