{
  "ft_linear_tuned": {
    "accuracy": 0.7151273885350319,
    "f1_macro": 0.5510220676985794,
    "confusion_matrix": [
      [
        12,
        143,
        33,
        65
      ],
      [
        24,
        2985,
        395,
        915
      ],
      [
        11,
        648,
        1413,
        138
      ],
      [
        8,
        1083,
        115,
        4572
      ]
    ],
    "correlation_analysis": {
      "correlation": 0.8116339807805361,
      "p_value": 9.734513983027147e-14,
      "pfi_scores": [
        0.003216564655303955,
        0.08106690645217896,
        0.028694283962249757,
        0.025780272483825684,
        0.04151276350021362,
        0.025700640678405762,
        0.018662428855895995,
        0.018742060661315917,
        0.028232502937316894,
        0.0003821730613708496,
        0.011019110679626465,
        0.006337594985961914,
        0.03675159215927124,
        0.024633753299713134,
        0.018566882610321044,
        0.004649698734283447,
        0.0037261247634887695,
        0.019140136241912842,
        0.0019426822662353515,
        0.060493636131286624,
        0.06106688976287842,
        0.008057332038879395,
        0.08614650964736939,
        0.01805734634399414,
        0.009331214427947997,
        0.02074841260910034,
        0.00816880464553833,
        4.77910041809082e-05,
        -0.000812077522277832,
        0.00017516613006591798,
        0.0002229452133178711,
        -7.960796356201171e-05,
        -0.0005573153495788575,
        0.00023887157440185546,
        0.00027071237564086915,
        0.0007802605628967285,
        -0.00031845569610595704,
        -4.775524139404297e-05,
        0.0005414128303527832,
        0.0008121252059936524,
        0.0003821730613708496,
        6.37054443359375e-05,
        0.0012579679489135743,
        -0.0004458427429199219,
        -0.00015921592712402343,
        0.00027071237564086915,
        -3.1840801239013675e-05,
        0.0003025531768798828,
        0.001242053508758545,
        -3.1840801239013675e-05,
        0.00017515420913696289,
        -0.0008439302444458007,
        -0.0005413770675659179,
        -0.0003502964973449707
      ],
      "attention_scores": [
        0.011402130126953125,
        0.06384254992008209,
        0.02500944770872593,
        0.02775140292942524,
        0.030944328755140305,
        0.016868827864527702,
        0.032391875982284546,
        0.045790765434503555,
        0.04305620491504669,
        0.0038340927567332983,
        0.03402300551533699,
        0.013477876782417297,
        0.021130286157131195,
        0.025986110791563988,
        0.03571970388293266,
        0.026094386354088783,
        0.01627073623239994,
        0.021806316450238228,
        0.0024512209929525852,
        0.06511946022510529,
        0.07266417890787125,
        0.012189465574920177,
        0.0883614718914032,
        0.022614093497395515,
        0.013261854648590088,
        0.03853607550263405,
        0.03288213536143303,
        0.005609921645373106,
        0.007872105576097965,
        0.004651353694498539,
        0.002678204094991088,
        0.0060049183666706085,
        0.007091081701219082,
        0.004641354084014893,
        0.004224986303597689,
        0.009508119896054268,
        0.0028804615139961243,
        0.0029408845584839582,
        0.003278919728472829,
        0.0076402779668569565,
        0.006542280316352844,
        0.006178798619657755,
        0.007423332892358303,
        0.003792509203776717,
        0.003008674830198288,
        0.004812984727323055,
        0.011183279566466808,
        0.006156156770884991,
        0.0052076647989451885,
        0.0060599325224757195,
        0.004826805554330349,
        0.007700244430452585,
        0.0031200130470097065,
        0.0034049744717776775
      ],
      "feature_names": [
        "V1",
        "V2",
        "V3",
        "V4",
        "V5",
        "V6",
        "V7",
        "V8",
        "V9",
        "V10",
        "V11",
        "V12",
        "V13",
        "V14",
        "V15",
        "V16",
        "V17",
        "V18",
        "V19",
        "V20",
        "V21",
        "V22",
        "V23",
        "V24",
        "V25",
        "V26",
        "V27",
        "V28",
        "V29",
        "V30",
        "V31",
        "V32",
        "V33",
        "V34",
        "V35",
        "V36",
        "V37",
        "V38",
        "V39",
        "V40",
        "V41",
        "V42",
        "V43",
        "V44",
        "V45",
        "V46",
        "V47",
        "V48",
        "V49",
        "V50",
        "V51",
        "V52",
        "V53",
        "V54"
      ]
    }
  },
  "ft_piecewise_tuned": {
    "accuracy": 0.6942675159235668,
    "f1_macro": 0.5461901136977788,
    "confusion_matrix": [
      [
        23,
        127,
        43,
        60
      ],
      [
        32,
        2626,
        483,
        1178
      ],
      [
        10,
        638,
        1396,
        166
      ],
      [
        20,
        938,
        145,
        4675
      ]
    ],
    "correlation_analysis": {
      "correlation": 0.8065942443300933,
      "p_value": 1.8094851090043692e-13,
      "pfi_scores": [
        0.00011148452758789063,
        0.036735689640045165,
        0.013582825660705566,
        0.01522296667098999,
        0.035621035099029544,
        0.024761176109313963,
        0.009984111785888672,
        0.005780267715454102,
        0.015127408504486083,
        0.0027388691902160644,
        0.0008758068084716797,
        0.009713387489318848,
        0.031162428855895995,
        0.002038240432739258,
        0.01003187894821167,
        0.003869438171386719,
        0.005907678604125976,
        0.0019904494285583494,
        0.007659256458282471,
        0.044570088386535645,
        0.017563724517822267,
        0.017675185203552247,
        0.04251595735549927,
        0.006528687477111816,
        0.0006529092788696289,
        0.013917207717895508,
        0.006114673614501953,
        -0.0011942386627197266,
        -0.001433110237121582,
        0.00017517805099487305,
        -6.366968154907227e-05,
        -0.0010987043380737305,
        -0.0004458308219909668,
        0.00030257701873779295,
        -0.0011464834213256836,
        -0.00047768354415893554,
        3.1876564025878904e-05,
        0.0006369709968566895,
        -0.0004299163818359375,
        3.186464309692383e-05,
        -0.0009554028511047363,
        9.557008743286133e-05,
        -0.0007961630821228027,
        0.00015925168991088868,
        -0.0005095362663269043,
        -0.0015764117240905761,
        -0.0005254507064819336,
        -1.590251922607422e-05,
        -6.368160247802735e-05,
        -0.00015921592712402343,
        6.371736526489258e-05,
        -0.001035022735595703,
        -4.774332046508789e-05,
        -0.0005573034286499023
      ],