{
  "ft_linear_tuned": {
    "mse": 0.2386325656616635,
    "rmse": 0.488500323092691,
    "r2": 0.8195336270273283,
    "mae": 0.34480617134757746,
    "correlation_analysis": {
      "correlation": 0.880952380952381,
      "p_value": 0.0038503204637324014,
      "pfi_scores": [
        0.5919600427150726,
        0.06149412989616394,
        0.1076138198375702,
        0.016601216793060303,
        0.012287265062332154,
        0.23342012763023376,
        1.2544660985469818,
        1.1289678752422332
      ],
      "attention_scores": [
        0.3531191051006317,
        0.037951938807964325,
        0.042061176151037216,
        0.02397417463362217,
        0.027752801775932312,
        0.03940645977854729,
        0.2277885526418686,
        0.15152037143707275
      ],
      "feature_names": [
        "MedInc",
        "HouseAge",
        "AveRooms",
        "AveBedrms",
        "Population",
        "AveOccup",
        "Latitude",
        "Longitude"
      ]
    }
  },
  "ft_piecewise_tuned": {
    "mse": 0.27146832089349704,
    "rmse": 0.5210262190077358,
    "r2": 0.7947015189951454,
    "mae": 0.35813625455361925,
    "correlation_analysis": {
      "correlation": 0.8571428571428572,
      "p_value": 0.006530017254715292,
      "pfi_scores": [
        0.4932407259941101,
        0.11827856302261353,
        0.10514386296272278,
        0.009999054670333862,
        0.014656120538711548,
        0.1601770579814911,
        1.3440773844718934,
        1.2165716290473938
      ],
      "attention_scores": [
        0.23399721086025238,
        0.03567575290799141,
        0.12054046988487244,
        0.025288620963692665,
        0.05680772662162781,
        0.057484421879053116,
        0.26123958826065063,
        0.16730095446109772
      ],
      "feature_names": [
        "MedInc",
        "HouseAge",
        "AveRooms",
        "AveBedrms",
        "Population",
        "AveOccup",
        "Latitude",
        "Longitude"
      ]
    }
  },
  "sparse_ft_linear_tuned": {
    "mse": 0.240694776641009,
    "rmse": 0.490606539541626,
    "r2": 0.8179740756948646,
    "mae": 0.33933418082167627,
    "correlation_analysis": {
      "correlation": 0.7380952380952381,
      "p_value": 0.03655276105286081,
      "pfi_scores": [
        0.5967290043830872,
        0.07635625600814819,
        0.10677597522735596,
        0.01969468593597412,
        0.011032307147979736,
        0.28305002450942995,
        1.6184385895729065,
        1.4843055367469788
      ],
      "attention_scores": [
        0.15302860736846924,
        0.10459695756435394,
        0.02875635400414467,
        0.033283330500125885,
        0.04891270399093628,
        0.1831360012292862,
        0.19941014051437378,
        0.14902909100055695
      ],
      "feature_names": [
        "MedInc",
        "HouseAge",
        "AveRooms",
        "AveBedrms",
        "Population",
        "AveOccup",
        "Latitude",
        "Longitude"
      ]
    }
  },
  "sparse_ft_piecewise_tuned": {
    "mse": 0.2563933193819923,
    "rmse": 0.5063529592902487,
    "r2": 0.8061020201706472,
    "mae": 0.35442918777282234,
    "correlation_analysis": {
      "correlation": 0.4285714285714286,
      "p_value": 0.2894032248467901,
      "pfi_scores": [
        0.6306628346443176,
        0.07683199644088745,
        0.06941081285476684,
        0.009192419052124024,
        0.02696111798286438,
        0.2577491164207458,
        1.9397905945777894,
        1.6774101614952088
      ],
      "attention_scores": [
        0.2235671877861023,
        0.0604679211974144,
        0.17301832139492035,
        0.09468846768140793,
        0.023732580244541168,
        0.15096446871757507,
        0.13901157677173615,
        0.13026687502861023
      ],
      "feature_names": [
        "MedInc",
        "HouseAge",
        "AveRooms",
        "AveBedrms",
        "Population",
        "AveOccup",
        "Latitude",
        "Longitude"
      ]
    }
  }
}